{
  "source": "results/fit_tracked_2domain_combined.pkl",
  "shape": [
    101,
    1000,
    2
  ],
  "interpretation": {
    "draw_0": "warmup endpoint",
    "draws_1_to_100": "ordinary retained NUTS draws",
    "domain_0": "low-retentivity after descending final-logD sort",
    "domain_1": "high-retentivity after descending final-logD sort"
  },
  "rhat": {
    "Ea": [
      {
        "rank": 3.5109837548432328,
        "folded": 7.92078373641339,
        "max": 7.92078373641339
      },
      {
        "rank": 3.2146982529864077,
        "folded": 7.3543911035904985,
        "max": 7.3543911035904985
      }
    ],
    "logD0_r2": [
      {
        "rank": 3.2480205018163693,
        "folded": 6.9594346752362135,
        "max": 6.9594346752362135
      },
      {
        "rank": 3.040212539366809,
        "folded": 5.58830253237568,
        "max": 5.58830253237568
      }
    ],
    "phi": [
      {
        "rank": 11.995229217578679,
        "folded": 6.964125520584497,
        "max": 11.995229217578679
      },
      {
        "rank": 11.885280958330961,
        "folded": 6.9642656431074546,
        "max": 11.885280958330961
      }
    ]
  },
  "temperature_transform": {
    "old_website_lrd_column": {
      "10 My": [
        -10.336640926871658,
        -1.1491680307678218,
        53.79018090720376
      ],
      "100 My": [
        -21.206758525483156,
        -12.661643575594843,
        41.99205216845296
      ],
      "200 My": [
        -24.2946286830766,
        -15.946060297388932,
        38.50799454539246
      ],
      "500 My": [
        -28.262251536847447,
        -20.15462299096477,
        34.01881916045347
      ],
      "isothermal": [
        -32.26716023459557,
        -24.407424059755577,
        29.473199837294707
      ]
    },
    "nominal_hrd_column": {
      "10 My": [
        -9.269064540279798,
        13.294595406656144,
        365.75680382393375
      ],
      "100 My": [
        -20.716669125496097,
        0.6554875201094224,
        312.003733419346
      ],
      "200 My": [
        -23.85415732663756,
        -3.0366916167367606,
        326.7506581988968
      ],
      "500 My": [
        -28.49419907897278,
        -7.617822770704125,
        303.2919875008445
      ],
      "isothermal": [
        -32.60114124730269,
        -12.276683084442988,
        280.70682282896337
      ]
    }
  }
}
